variable,mae,count
so,0.21249633,4280
thetao,0.10026635,4280
uo,0.053297948,4280
vo,0.054413907,4280
