variable,mae,count
so,0.08538005,3210
thetao,0.055159375,3210
uo,0.04312793,3210
vo,0.11268811,3210
